보험 타입,페이지 번호,상품 이름,상품 URL
연금보험,1,KB 100세만족 연금보험 무배당(100세보증형),https://www.kblife.co.kr/insurance-product/productDetails.do?id=501525806&productType=1&linkCd=OF_PR_HS_01
연금보험,1,KB 하이파이브평생연금보험 무배당,https://www.kblife.co.kr/insurance-product/productDetails.do?id=501526243&productType=1&linkCd=ON_PD_NP_01
연금보험,1,KB 하이브리드연금보험 무배당,https://www.kblife.co.kr/insurance-product/productDetails.do?id=501525885&productType=1&linkCd=OF_PD_BH_01
연금보험,1,KB 참좋은연금보험 무배당,https://www.kblife.co.kr/insurance-product/productDetails.do?id=501530923&productType=1&linkCd=OF_PD_GA_01
연금보험,1,KB 아이사랑연금보험 무배당,https://www.kblife.co.kr/insurance-product/productDetails.do?id=501530922&productType=1&linkCd=OF_PD_CL_01
변액보험,1,KB 평생소득변액연금보험 Plus 무배당,https://www.kblife.co.kr/insurance-product/productDetails.do?id=501525889&productType=2&linkCd=OF_PD_KR_01
변액보험,1,KB 평생소득변액연금보험 무배당,https://www.kblife.co.kr/insurance-product/productDetails.do?id=501525842&productType=2&linkCd=OF_PR_LV_01
종신/정기보험,1,KB 라이프 파트너 종신보험 무배당(해약환급금  일부지급형)(일반심사형),https://www.kblife.co.kr/insurance-product/productDetails.do?id=501552372&productType=3&linkCd=OF_PR_LP_01
종신/정기보험,1,KB 착한정기보험II 무배당,https://www.kblife.co.kr/insurance-product/productDetails.do?id=501526241&productType=3&linkCd=ON_PD_SR_01
종신/정기보험,1,KB 7년의약속 평생종신보험II 무배당(해약환급금 일부지급형)(Light형),https://www.kblife.co.kr/insurance-product/productDetails.do?id=501525873&productType=3&linkCd=OF_PD_SL_01
종신/정기보험,1,KB 경영인정기보험Ⅱ 무배당(해약환급금 일부지급형)(간편심사형),https://www.kblife.co.kr/insurance-product/productDetails.do?id=501552329&productType=3&linkCd=OF_PR_SM_01
종신/정기보험,1,KB CEO정기보험 무배당(간편심사형),https://www.kblife.co.kr/insurance-product/productDetails.do?id=501552070&productType=3&linkCd=OF_PD_CE_02
종신/정기보험,1,KB 역모기지 체증종신보험 무배당(해약환급금  일부지급형)(일반심사형),https://www.kblife.co.kr/insurance-product/productDetails.do?id=501552365&productType=3&linkCd=OF_PD_GR_01
종신/정기보험,2,KB 라이프 역모기지 종신보험 무배당(해약환급금  미지급형)(간편심사형)(가입금액형),https://www.kblife.co.kr/insurance-product/productDetails.do?id=501552366&productType=3&linkCd=OF_PR_CR_02
종신/정기보험,2,KB 라이프 파트너 종신보험 무배당(해약환급금  일부지급형)(간편심사형),https://www.kblife.co.kr/insurance-product/productDetails.do?id=501552373&productType=3&linkCd=OF_PR_LP_02
종신/정기보험,2,KB 7년의약속 평생종신보험II 무배당(해약환급금 일부지급형)(일반형),https://www.kblife.co.kr/insurance-product/productDetails.do?id=501525875&productType=3&linkCd=OF_PD_SP_01
종신/정기보험,2,KB 라이프 역모기지 종신보험 무배당(해약환급금  미지급형)(일반심사형)(기납입보험료플러스형),https://www.kblife.co.kr/insurance-product/productDetails.do?id=501552367&productType=3&linkCd=OF_PR_LR_02
종신/정기보험,2,KB CEO정기보험 무배당(일반심사형),https://www.kblife.co.kr/insurance-product/productDetails.do?id=501552069&productType=3&linkCd=OF_PD_CE_01
종신/정기보험,2,KB 경영인정기보험Ⅱ 무배당(해약환급금 일부지급형)(일반심사형),https://www.kblife.co.kr/insurance-product/productDetails.do?id=501552332&productType=3&linkCd=OF_PR_MI_01
종신/정기보험,3,KB 라이프 역모기지 종신보험 무배당(해약환급금  일부지급형)(일반심사형),https://www.kblife.co.kr/insurance-product/productDetails.do?id=501552371&productType=3&linkCd=OF_PR_LR_03
종신/정기보험,3,KB The 큰 약속 정기보험 무배당(해약환급금  일부지급형)(간편심사형),https://www.kblife.co.kr/insurance-product/productDetails.do?id=501552071&productType=3&linkCd=OF_PD_ST_02
종신/정기보험,3,KB The 큰 약속 정기보험 무배당(해약환급금  일부지급형)(일반심사형),https://www.kblife.co.kr/insurance-product/productDetails.do?id=501552072&productType=3&linkCd=OF_PD_ST_01
종신/정기보험,3,KB 라이프 역모기지 종신보험 무배당(해약환급금  일부지급형)(간편심사형),https://www.kblife.co.kr/insurance-product/productDetails.do?id=501552370&productType=3&linkCd=OF_PR_CR_01
종신/정기보험,3,KB 함께크는 약속 종신보험 무배당(해약환급금  일부지급형)(간편심사형),https://www.kblife.co.kr/insurance-product/productDetails.do?id=501552409&productType=3&linkCd=OF_PR_TG_03
종신/정기보험,3,KB 함께크는 약속 종신보험 무배당(해약환급금  일부지급형)(일반심사형),https://www.kblife.co.kr/insurance-product/productDetails.do?id=501552412&productType=3&linkCd=OF_PR_TG_02
건강/상해보험,1,KB 생활비지급암보험 무배당(갱신형)(일반심사형),https://www.kblife.co.kr/insurance-product/productDetails.do?id=501552401&productType=4&linkCd=OF_PD_PC_01
건강/상해보험,1,KB 착한암보험 무배당,https://www.kblife.co.kr/insurance-product/productDetails.do?id=501526242&productType=4&linkCd=ON_PD_KC_01
건강/상해보험,1,KB 계획이다있는여성암보험 무배당,https://www.kblife.co.kr/insurance-product/productDetails.do?id=501526108&productType=4&linkCd=ON_PD_WC_01
건강/상해보험,1,KB 내맘대로Pick! e-건강보험 무배당 (갱신형)(일반심사형),https://www.kblife.co.kr/insurance-product/productDetails.do?id=501552326&productType=4&linkCd=ON_PD_HI
건강/상해보험,1,KB 내맘대로Pick! e-건강보험 무배당 (갱신형)(335간편심사형),https://www.kblife.co.kr/insurance-product/productDetails.do?id=501552335&productType=4&linkCd=ON_PD_HI2
건강/상해보험,1,KB 국민암보험 무배당,https://www.kblife.co.kr/insurance-product/productDetails.do?id=501530924&productType=4&linkCd=OF_PD_NC_02
온라인보험,1,KB 착한정기보험II 무배당,https://www.kblife.co.kr/insurance-product/productDetails.do?id=501526241&productType=5&linkCd=ON_PD_SR_01
온라인보험,1,KB 하이파이브평생연금보험 무배당,https://www.kblife.co.kr/insurance-product/productDetails.do?id=501526243&productType=5&linkCd=ON_PD_NP_01
온라인보험,1,KB 계획이다있는여성암보험 무배당,https://www.kblife.co.kr/insurance-product/productDetails.do?id=501526108&productType=5&linkCd=ON_PD_WC_01
온라인보험,1,KB 착한암보험 무배당,https://www.kblife.co.kr/insurance-product/productDetails.do?id=501526242&productType=5&linkCd=ON_PD_KC_01
온라인보험,1,KB 내맘대로Pick! e-건강보험 무배당 (갱신형)(335간편심사형),https://www.kblife.co.kr/insurance-product/productDetails.do?id=501552335&productType=5&linkCd=ON_PD_HI2
온라인보험,1,KB 내맘대로Pick! e-건강보험 무배당 (갱신형)(일반심사형),https://www.kblife.co.kr/insurance-product/productDetails.do?id=501552326&productType=5&linkCd=ON_PD_HI
